ZipCode,Neighborhood,,
02118,Boston South End,,
02119,Roxbury,,
02120,Roxbury Mission Hill,,
02121,Jamaica Plain,,
02122,Allston,,
02123,Brighton,,
02124,Brookline,,
02125,Brookline,,
02126,Brookline,,
02127,Brookline,,
02128,Boston  (Beacon  Hill),,
02129,Boston West End,,
02130,Boston Fenway,,
02131,Boston Back Bay,,
02132,Boston Kenmore,,
02133,Boston  PO  boxes,,
02134,East Boston,,
02135,Charlestown,,
02136,Chelsea,,
02137,Revere,,
02138,Winthrop,,
02139,Cambridge,,
02140,Dorchester,,
02141,Mattapan,,
02142,Roslindale,,
02143,West Roxbury,,
02144,Hyde Park,,
02145,Somerville,,
02146,Boston (Faneuil Hall marketplace/ north end),,
02147,Boston (downtown crossing/ financial district),,
02148,Boston (Chinatown/ Tufts Medical),,
02149,Boston Hanover Street (north end),,
02150,Dorchester Grove Hall,,
02151,Dorchester,,
02152,Dorchester Uphams Corner,,
02153,South Boston,,
02154,Boston,,
